empresa,dominio,cnpj,uf,cidade,confianca,fit_icp,fonte
.add,somosadd.com.br,13582276000177,,,media,em aberto,Portal da Transparência: Prestcon Serviços de Informática usa e-mail @somosadd.com.br
A3 Consultoria,a3consultoria.com.br,03380061000110,MG,Belo Horizonte,media,não,monitorcnpj (nome A3 Consultoria Empresarial; sem ligação direta ao domínio)
A3Data,a3data.com.br,07105493000173,MG,Belo Horizonte,alta,não,a3data.com.br/termos + cnpja
Adejo,adejo.com.br,09156285000129,SP,São Paulo,alta,sim,"econodata (GSR Serviços em Informática, site adejo.com.br)"
AG Capital,grupoagcapital.com.br,12538254000147,SC,Florianópolis,media,sim,"cnpja (AG Capital Taxtech, sócia ostensiva da SCP AG Capital, Florianópolis)"
AG3 Solutions,ag3solutions.com.br,08231514000160,SP,Santo André,media,sim,"cnpj.biz/econodata (AG3 Solutions Ltda, consultoria em gestão)"
Agilize Contabilidade Online,agilize.com.br,17664581000169,BA,Salvador,media,não,"econodata (Agilize Serviços Contábeis, Salvador, fundada 2013 como a Agilize)"
Alianzo,alianzo.com.br,26835810000151,GO,Goiânia,alta,não,casadosdados (e-mail contato@alianzo.com.br)
Amrop Brasil,amrop.com,,SP,São Paulo,media,sim,"amrop.com (escritório Rua Funchal 263, São Paulo); CNPJ não encontrado"
Apsis Consultoria Empresarial,apsis.com.br,27281922000170,RJ,Rio de Janeiro,alta,não,econodata/monitorcnpj (matriz)
Aquila Consultoria em Gestão,aquila.com.br,14377211000152,MG,Nova Lima,media,não,"busca (Instituto Aquila de Gestão, sede Nova Lima; site aquila.com.br)"
ASIS Tax Tech,asisprojetos.com.br,22863291000184,SP,Barueri,alta,sim,econodata/casadosdados (e-mail financeiro@asisprojetos.com.br)
AST Engenharia de Segurança Industrial,astengenharia.ind.br,17288056000196,CE,Fortaleza,alta,não,serasa/econodata (razão social idêntica)
Atlas NextWave,atlasnextwave.com,,,,baixa,em aberto,matriz na Holanda (Schiphol); entidade brasileira não encontrada
Audicon Contadores,audiconcontadores.com.br,04589462000147,MG,Uberlândia,media,não,econodata (Audicon Contadores e Associados; há homônimos em BA e MS)
Auxadi Brasil,auxadi.com,17315448000105,SP,São Paulo,alta,sim,econodata (Auxadi Consultores Brasil)
Banner Engineering,bannerengineering.com,17800066000169,SP,Jundiaí,media,sim,econodata (Banner do Brasil Serviços de Engenharia)
Beckhoff Automation,beckhoff.com,08219189000110,SP,Santo André,alta,sim,beckhoff.com (sede Santo André) + econodata
Big Data,bigdata.com.br,,,,baixa,em aberto,vários homônimos; nenhum ligado a bigdata.com.br
Blackbird Co.,blackbirdco.com.br,26454226000156,SP,São Paulo,media,sim,casadosdados/jusbrasil (Blackbird Consultoria / Blackbird & Co)
Bluesoft Sistemas,bluesoft.com.br,04563634000103,SP,São Paulo,alta,sim,bluesoft.com.br/aviso-de-privacidade + casadosdados
Bosch Rexroth Brasil,boschrexroth.com.br,72908817000173,SP,Itatiba,alta,sim,econodata (matriz Bosch Rexroth Ltda)
Boutique Executive Search,boutiquesearch.com.br,20628761000108,RJ,Rio de Janeiro,alta,não,econodata/cnpj.biz (matriz; filial em SP)
Bravo | Simplify Everything,bravocorp.com.br,17082469000110,,,media,em aberto,busca: CNPJ atribuído à Bravo Corp (bravocorp.com.br); cidade não confirmada
Bridge & Co.,bridgeconsulting.com.br,11661731000102,RJ,Rio de Janeiro,media,não,"econodata (Bridge Consulting Tecnologia da Informação, domínio bridgeconsulting.com.br)"
BRIVVA Expert Recruitment,brivva.com,36060645000167,SP,São Paulo,alta,sim,econodata/cnpj.biz (nome fantasia Brivva Expert Recruitment)
Brother Brasil,brother.com.br,62202189000152,SP,São Paulo,alta,sim,cnpja/casadosdados (matriz)
Camargo & Campos,ccrh.com.br,08634900000100,PR,Curitiba,alta,sim,econodata + ccrh.com.br (Curitiba)
Capitani Group,capitani.com.br,01466035000183,SP,São Paulo,media,sim,"econodata (Capitani IT Solutions, fundada 1996 como o grupo; há outros CNPJs do grupo em SP)"
Care Talent - Recruiting for Life Sciences,caretalent.com.br,,SP,São Paulo,media,sim,"caretalent.com.br (Av. Luiz Carlos Berrini, São Paulo); CNPJ não encontrado"
Certsys,certsys.com.br,08821745000123,SP,Barueri,alta,sim,econodata (Certsys Tecnologia da Informação)
cHRia Partners,chriapartners.com.br,53335930000162,SP,São Paulo,alta,sim,serasa (cHRia Partners Consultoria Empresarial)
CI&T,ciandt.com,00609634000146,SP,Campinas,alta,sim,cnpja/econodata (matriz)
Cipalam,cipalam.com.br,06943259000152,MG,Ipatinga,alta,não,econodata (matriz Cipalam Ind. e Com. de Laminados)
CMGB Gestão de Negócios,cmgb.com.br,23532278000105,CE,Fortaleza,alta,não,"econodata (Claudia Blaia Gestão de Negócios, fantasia CMGB)"
Comunitive,comunitive.com,26738745000146,PR,Curitiba,alta,sim,comunitive.com termos de uso (Peepi Tecnologia da Informação)
Contajá,contaja.com.br,25021140000177,MG,Viçosa,alta,não,contaja.com.br + casadosdados (matriz)
D2S Consultoria,d2sconsultoria.com.br,28705165000188,PR,Maringá,alta,sim,d2sconsultoria.com.br/politica-de-privacidade
Digimed Instrumentação Analítica,digimed.ind.br,60160546000131,SP,São Paulo,alta,sim,"econodata (Digicrom Analítica, fantasia Digimed)"
Drummond Advisors,drummondadvisors.com,53857589000105,MG,Belo Horizonte,media,não,"econodata (Drummond Advisors Ltda., holding aberta em 2024)"
Engenha,engenha.com,17391047000126,SP,Mogi das Cruzes,media,sim,"casadosdados (Engenha Serviços, plataforma engenha.com)"
enjoei,enjoei.com.br,16922038000151,SP,São Paulo,alta,sim,econodata (Enjoei S.A.)
Entrust IT,entrustit.com.br,15031871000140,SP,São Paulo,alta,sim,econodata (e-mail @entrustit.com.br)
Estagiários.com,estagiarios.com,01846585000128,,,media,em aberto,busca (Estagiarios.com Web Services); cidade não confirmada
Eureca,eureca.me,09470070000188,SP,São Paulo,media,sim,"Reclame Aqui/busca (Eureca, CNPJ registrado em Itu/SP; operação em São Paulo)"
Exact Sales,exactsales.com.br,21593012000147,SC,Florianópolis,alta,sim,econodata (Exact Desenvolvimento e Programação de Software)
EXEC - Capital Humano,exec.com.br,11262030000192,SP,São Paulo,alta,sim,econodata/linkana (Exec Consultoria em RH)
Falconi,falconi.com,05485279000164,SP,São Paulo,alta,sim,"econodata (Falconi Consultores S.A., matriz)"
Fast Dolphin,fastdolphin.com,21833418000150,SP,Barueri,alta,sim,"econodata (Fast Dolphin Ltda, entidade brasileira)"
Firedev IT,firedev.com.br,34658093000168,RS,Porto Alegre,alta,sim,econodata (e-mail contato@firedev.com.br)
Fortis Recursos Humanos,fortisrh.com.br,,SP,São José do Rio Preto,media,sim,fortisrh.com.br (sedes S.J. Rio Preto e Ribeirão Preto); CNPJ ativo não confirmado
FOURSYS,foursys.com,03808125000130,SP,Barueri,alta,sim,empresasdobrasil/consultas.plus (matriz Foursys)
FTI Consulting,fticonsulting.com,07174869000100,SP,São Paulo,alta,sim,"econodata/monitorcnpj (FTI Consultoria, matriz)"
G4F,g4f.com.br,07094346000145,DF,Brasília,alta,não,econodata/monitorcnpj (matriz G4F Soluções Corporativas)
Gini Talent,ginitalent.com,,,,baixa,em aberto,empresa estrangeira (Turquia/Dubai/UK/EUA); entidade brasileira não encontrada
Globe 24-7,globe24-7.com,,,,baixa,em aberto,matriz em Toronto; opera como Globe24-7 do Brasil Ltda (CNPJ e cidade não encontrados)
Grupo Hunt,grupohunt.com,15498212000118,AM,Manaus,alta,não,"econodata/cnpj.biz (Potencial Humano R&S, fantasia Grupo Hunt)"
Grupo People RH,rhpeople.com.br,02129942000108,SP,Americana,media,sim,rhpeople.com.br (sede Americana/SP) + busca do CNPJ
Grupo Skill,gruposkill.com.br,37878691000130,SP,São Paulo,media,sim,"busca (Skillconsulting; grupo com vários CNPJs, sede São Paulo)"
Grupo Studio,grupostudio.com.br,08865854000142,RS,Porto Alegre,media,sim,"busca + grupostudio.com.br (fundado em Porto Alegre, telefone 51)"
GS360 Executive Search,globalsolution360.com.br,33561668000167,SP,São Paulo,alta,sim,"econodata (Global Solution 360 RH, fantasia GS360)"
GSR - Global Supply Recruitment,gsrecruitment.com.br,,SP,São Paulo,media,sim,zoominfo/linkedin (sede São Paulo); CNPJ não encontrado
Hiron,wehiron.com,,,,baixa,em aberto,nenhum registro ligado a wehiron.com
Hudson Talent Solutions,hudsontalent.com,,SP,São Paulo,media,sim,hudsontalent.com (escritório Av. Paulista 91); CNPJ não encontrado
igus do Brasil,igus.com.br,01426453000147,SP,Jundiaí,alta,sim,econodata (matriz)
Indústrias ROMI,romi.com,56720428000163,SP,Santa Bárbara d'Oeste,alta,sim,cnpj.biz/emis (Romi S.A.)
Infotec Brasil,infotecbrasil.com.br,29884632000147,RJ,Rio de Janeiro,alta,não,casadosdados (e-mail @infotecbrasil.com.br)
Infra_RH,infrarh.com.br,14070061000130,SP,São Paulo,media,sim,jusbrasil (Infra Humana RH para Engenharia e Tecnologia)
INSSIDE Ciberseguridad,insside.net,41425054000186,SP,São Paulo,media,sim,serasa (Insside Brasil Informação Inteligente; matriz do grupo na Argentina)
INTERA | Talent Hacking,byintera.com,33434173000177,BA,Salvador,alta,não,econodata (Intera Talent Hacking Recrutamento)
Jacto,jacto.com,55064562000190,SP,Pompéia,alta,sim,"econodata (Máquinas Agrícolas Jacto, matriz)"
JCA Contadores,jcacontadores.com.br,05410735000107,RJ,Niterói,alta,não,econodata + jcacontadores.com.br (Contabilidade Niterói)
Jobí Hub,jobihub.com.br,53011675000100,SP,São Paulo,alta,sim,"econodata (Jobi Hub de Negócios, Pessoas & Performance)"
John Cockerill,johncockerill.com,07480811000186,SC,Joinville,alta,sim,"econodata (CMI Brasil, fantasia John Cockerill Brasil, matriz)"
Kienbaum Brasil,kienbaum.com.br,62094982000185,SP,São Paulo,alta,sim,"econodata (Keseberg & Partners, fantasia Keseberg Kienbaum)"
Life Recursos Humanos,lifeempregos.com.br,02129949000111,SP,São Paulo,media,sim,"econodata (Life Recursos Humanos Ltda, desde 1997)"
LKM Tecnologia,lkm.com.br,00584835000136,SP,São Paulo,alta,sim,econodata/casadosdados (Lkm Tecnologia Ltda)
Magalu Cloud,magalu.cloud,55036530000181,SP,São Carlos,alta,sim,econodata (Magalu Cloud Ltda)
Mais Diversidade,maisdiversidade.com.br,24871723000124,SP,São Paulo,alta,sim,casadosdados/B Lab (Mais Diversidade Consultoria e Treinamentos)
Marketdata Match,marketdata.com.br,04154099000137,SP,São Paulo,alta,sim,"econodata (Marketdata Solutions Brasil, matriz)"
Matec Engenharia,matec.com.br,64978646000120,SP,São Paulo,alta,sim,econodata (e-mail fiscal@matec.com.br)
MCS Markup,mcsmarkup.com,26551902000100,,,media,em aberto,"advdinamico/linkana (MCS Markup Consultoria, Auditoria e M&A; filiais em SP e Curitiba, matriz não localizada)"
MDD Forensic Accountants,mdd.com,,SP,São Paulo,media,sim,"mdd.com (MDD Brasil Consultoria, Av. Chucri Zaidan); CNPJ não encontrado"
Mercado Eletrônico,me.com.br,00117351000187,SP,São Paulo,alta,sim,econodata (e-mail financeiro@me.com.br)
METARH,metarh.com.br,52848041000136,SP,São Paulo,alta,sim,cnpj.biz/jusbrasil (Metarh Recrutamento e Seleção)
MILPLAN Engenharia,milplan.com.br,15063096000104,MG,Belo Horizonte,alta,não,"econodata (Milplan Engenharia S.A., matriz)"
Mitsubishi Electric Brasil,mitsubishielectric.com.br,46550505000120,SP,Barueri,alta,sim,econodata (matriz)
MPD Engenharia,mpd.com.br,50765288000163,SP,São Paulo,alta,sim,"econodata (MPD Engenharia, matriz)"
Myndz Expert Recruitment,myndz.com.br,59036958000185,SP,São Paulo,alta,sim,"cnpj.biz/guiapj (Myndz Consultoria em RH, fantasia Myndz Expert Recruitment)"
NES Fircroft,nesfircroft.com,,PR,São José dos Pinhais,media,sim,nesfircroft.com (escritório São José dos Pinhais/PR e Rio); CNPJ não encontrado
Nibo,nibo.com.br,11325614000160,RJ,Niterói,alta,não,"econodata (Nibo Softwares e Cursos, matriz)"
OceanPact Serviços Marítimos,oceanpact.com,09114805000130,RJ,Rio de Janeiro,alta,não,econodata (matriz)
Oliveira & Carvalho,oliveiraecarvalho.com,12620921000136,SP,Barueri,alta,sim,oliveiraecarvalho.com/privacy-policy (CNPJ e escritório em Barueri; registro na Receita no RJ)
Opus Recursos Humanos,opusrh.com.br,03369611000108,RS,Caxias do Sul,alta,sim,opusrh.com.br/politicadeprivacidade (Ativa Recursos Humanos)
P4 Engenharia,p4engenharia.com.br,,,,baixa,em aberto,"homônimos (Barueri/SP baixada, Francisco Beltrão/PR); nenhum ligado a p4engenharia.com.br"
Pacifica Continental,pacificacontinental.com,14860884000240,SP,São Paulo,media,sim,consultacnpj/econodata (Pacifica Continental Assessoria em RH; matriz do grupo em Miami)
People Oriented,peopleoriented.com.br,21121326000147,RJ,Rio de Janeiro,alta,não,"econodata (People Oriented Consultoria, matriz)"
pharmexx Brasil,pharmexx.com.br,59642082000110,SP,São Paulo,alta,sim,pharmexxbrasil.com.br política de privacidade (Rossetti Consultoria de Marketing)
PIPECARE Group Brasil,pipecaregroup.com,,,,baixa,em aberto,holding suíça; entidade brasileira não encontrada
Powermig Robótica e Soldagem,powermig.com.br,08380295000180,RS,Caxias do Sul,alta,sim,econodata (Powermig Automação e Soldagem; adquirida pela Lincoln Electric)
PRAMAC,pramac.com,03293573000220,SP,Ribeirão Preto,media,sim,"econodata (GPR Brazil Equipamentos, marca Pramac no Brasil)"
Protec Automação,protecpe.com.br,02073130000180,PE,Recife,alta,não,"protecpe.com.br/contato (Protec Comércio e Serviços, Recife)"
Prumo Engenharia,prumoengenharia.com.br,20651311000128,MG,Formiga,media,não,"econodata (Prumo Engenharia Ltda, matriz; sem ligação direta ao domínio)"
QI Profissional,qiprofissional.com.br,08497540000134,SP,São José dos Campos,media,sim,"busca (QI Profissional, sede São José dos Campos)"
QiBit,qibit.tech,10907345000187,SP,São Paulo,alta,sim,br.qibit.tech (termo de aceite; marca do Gi Group)
Quality Compliance,qualitycompliance.com.br,27372308000114,SP,São Paulo,alta,sim,"econodata/casadosdados (Quality Compliance Consultoria Farmacêutica, matriz)"
R&D Mineração e Construção,redmineracao.com.br,22192546000124,MG,Matias Barbosa,alta,não,econodata (matriz; domínio redmineracao.com.br)
REGO-FIX Brasil,rego-fix.com,35806407000195,SC,Joinville,alta,sim,econodata (Rego-Fix Brasil Comércio de Peças)
RH CURITIBA,curitibarh.com.br,,PR,Curitiba,alta,sim,"curitibarh.com.br/contato (Rua Marechal Deodoro, Curitiba); CNPJ não encontrado"
RH Solution,rhsolution.com.br,10389159000101,SP,São Paulo,media,sim,"busca (RH Solution, sede São Paulo)"
RHOPEN Consultoria,rhopen.com.br,06187057000128,ES,Alfredo Chaves,alta,não,"econodata (Rhopen Consultoria, matriz; filial em Vitória)"
Rotork,rotork.com,08103203000115,SP,Sumaré,alta,sim,"econodata (Rotork Controls Comércio de Atuadores, ativa)"
Seco Tools,secotools.com,59108308000106,SP,Sorocaba,alta,sim,"econodata (Seco Tools Ind. e Com., matriz)"
Sempre IT,sempreit.com.br,10373369000101,SP,São Paulo,alta,sim,econodata (e-mail financeiro@sempreit.com.br)
SGF Global Brasil,sgfglobal.com,26713382000194,SP,São Paulo,alta,sim,"econodata (SGF Global Brasil R&S, matriz)"
Simatec,simatec.com.br,00203993000107,MG,Belo Horizonte,media,não,"econodata (Simatec Tecnologia em Automação, matriz; homônimo em Pelotas/RS)"
SMC Automação do Brasil,smcbr.com.br,02545405000130,SP,São Bernardo do Campo,alta,sim,econodata (matriz)
Solutta Consultoria,solutta.com,05759157000119,SP,São Paulo,alta,sim,solutta.com política de segurança (Solutta BPO)
Sprinklr,sprinklr.com,11040096000138,SP,São Paulo,alta,sim,econodata (Sprinklr (Brasil) Ltda)
STIHL Brasil,stihl.com.br,87235172000122,RS,São Leopoldo,alta,sim,"econodata (Stihl Ferramentas Motorizadas, matriz)"
Synchro - Solução Fiscal,synchro.com.br,67185306000130,SP,São Paulo,media,sim,"busca (Synchro Sistemas de Informação; sede Rua Samuel Morse, São Paulo)"
Syngenta Digital Brasil,syngentadigital.ag,14425683000133,MG,Belo Horizonte,alta,não,"casadosdados (Syngenta Digital Ltda, ex-Strider)"
Target Software,targetsoftware.com.br,35683068000105,SP,Sorocaba,alta,sim,"casadosdados (Target Software Manager, e-mail financeiro@targetsoftware.com.br)"
TATICCA Allinial Global,taticca.com.br,20840718000101,,,media,em aberto,"busca (CNPJ da Taticca; escritórios em 7 estados, matriz não confirmada)"
Taxcel,taxcel.com.br,20848861000131,SP,São Paulo,alta,sim,econodata (Taxcel Soluções Fiscais S.A.)
Tec2Cloud,tec2cloud.com,22111180000111,SP,Barueri,alta,sim,econodata (Tec2Cloud Tecnologia)
TEREME Engenharia,tereme.com.br,28426989000119,ES,Serra,alta,não,econodata (Tereme Técnica de Recuperação de Máquina Elétrica)
Timenow,timenow.com.br,01208413000129,ES,Vitória,alta,não,"econodata (Timenow Engenharia S/A, matriz)"
Top Employers Institute,top-employers.com,,,,baixa,em aberto,instituto internacional (Holanda); entidade brasileira não encontrada
TPC Group,tpcgroup-int.com,,SP,São Paulo,media,sim,"pt.tpcgroup-int.com (escritório Rua Arandu, Brooklin); CNPJ não encontrado (não é o Grupo TPC de logística)"
Track.co,track.co,22687094000151,ES,Vitória,alta,não,cnpj.biz (Tracksale Internet; fundida à IndeCX em 2025)
Tredici - Recruiting Ahead,tredici.net.br,,SP,São Paulo,media,sim,linkedin/infojobs (sede São Paulo); CNPJ não encontrado
Turck do Brasil,turck.com.br,14709866000180,SP,São Paulo,alta,sim,"econodata (Turck do Brasil Automação, matriz)"
Virtus Exec,virtusexec.com.br,58650212000102,SP,Campinas,alta,sim,econodata (Virtus Exec Ltda)
WK,wk.com.br,77910651000143,SC,Blumenau,alta,sim,"econodata (WK Sistemas de Computação, e-mail @wk.com.br)"
Wyser,wyser-search.com,,SP,São Paulo,media,sim,"zoominfo/br.wyser-search.com (Gi Group, Rua Sampaio Vidal, São Paulo); CNPJ não encontrado"
Álya Construtora,alyaconstrutora.com.br,33412792000160,RJ,Rio de Janeiro,alta,não,"econodata (Alya Construtora S/A, matriz)"
